Enzyme	Sequence	RE_site
AclI	AACGTT	AACGTT
HindIII	AAGCTT	AAGCTT
SspI	AATATT	AATATT
MluCI	AATT	AATT
PciI	ACATGT	ACATGT
AgeI	ACCGGT	ACCGGT
BspMI	ACCTGC	ACCTGC
BfuAI	ACCTGC	ACCTGC
SexAI	ACCWGGT	ACC[AT]GGT
MluI	ACGCGT	ACGCGT
BceAI	ACGGC	ACGGC
HpyCH4IV	ACGT	ACGT
HpyCH4III	ACNGT	AC[ATGC]GT
AflIII	ACRYGT	AC[AG][CT]GT
SpeI	ACTAGT	ACTAGT
BsrI	ACTGG	ACTGG
BmrI	ACTGGG	ACTGGG
BglII	AGATCT	AGATCT
AfeI	AGCGCT	AGCGCT
AluI	AGCT	AGCT
StuI	AGGCCT	AGGCCT
ScaI-HF	AGTACT	AGTACT
ClaI	ATCGAT	ATCGAT
BspDI	ATCGAT	ATCGAT
NsiI	ATGCAT	ATGCAT
AseI	ATTAAT	ATTAAT
SwaI	ATTTAAAT	ATTTAAAT
MfeI	CAATTG	CAATTG
Nb.BssSI	CACGAG	CACGAG
BssSI-v2	CACGAG	CACGAG
BmgBI	CACGTC	CACGTC
PmlI	CACGTG	CACGTG
DraIII-HF	CACNNNGTG	CAC[ATGC][ATGC][ATGC]GTG
AleI-v2	CACNNNNGTG	CAC[ATGC][ATGC][ATGC][ATGC]GTG
EcoP15I	CAGCAG	CAGCAG
PvuII	CAGCTG	CAGCTG
AlwNI	CAGNNNCTG	CAG[ATGC][ATGC][ATGC]CTG
BtsIMutI	CAGTG	CAGTG
NdeI	CATATG	CATATG
NlaIII	CATG	CATG
FatI	CATG	CATG
CviAII	CATG	CATG
MslI	CAYNNNNRTG	CA[CT][ATGC][ATGC][ATGC][ATGC][AG]TG
XcmI	CCANNNNNNNNNTGG	CCA[ATGC][ATGC][ATGC][ATGC][ATGC][ATGC][ATGC][ATGC][ATGC]TGG
BstXI	CCANNNNNNTGG	CCA[ATGC][ATGC][ATGC][ATGC][ATGC][ATGC]TGG
PflMI	CCANNNNNTGG	CCA[ATGC][ATGC][ATGC][ATGC][ATGC]TGG
BccI	CCATC	CCATC
NcoI	CCATGG	CCATGG
BseYI	CCCAGC	CCCAGC
FauI	CCCGC	CCCGC
XmaI	CCCGGG	CCCGGG
SmaI	CCCGGG	CCCGGG
LpnPI	CCDG	CC[AGT]G
AciI	CCGC	CCGC
SacII	CCGCGG	CCGCGG
BsrBI	CCGCTC	CCGCTC
MspI	CCGG	CCGG
HpaII	CCGG	CCGG
StyD4I	CCNGG	CC[ATGC]GG
ScrFI	CCNGG	CC[ATGC]GG
BsaJI	CCNNGG	CC[ATGC][ATGC]GG
BslI	CCNNNNNNNGG	CC[ATGC][ATGC][ATGC][ATGC][ATGC][ATGC][ATGC]GG
BtgI	CCRYGG	CC[AG][CT]GG
NciI	CCSGG	CC[GC]GG
AvrII	CCTAGG	CCTAGG
MnlI	CCTC	CCTC
Nt.BbvCI	CCTCAGC	CCTCAGC
BbvCI	CCTCAGC	CCTCAGC
Nb.BbvCI	CCTCAGC	CCTCAGC
SbfI	CCTGCAGG	CCTGCAGG
Bpu10I	CCTNAGC	CCT[ATGC]AGC
Bsu36I	CCTNAGG	CCT[ATGC]AGG
EcoNI	CCTNNNNNAGG	CCT[ATGC][ATGC][ATGC][ATGC][ATGC]AGG
HpyAV	CCTTC	CCTTC
BstNI	CCWGG	CC[AT]GG
PspGI	CCWGG	CC[AT]GG
StyI-HF	CCWWGG	CC[AT][AT]GG
PvuI	CGATCG	CGATCG
BstUI	CGCG	CGCG
EagI	CGGCCG	CGGCCG
RsrII	CGGWCCG	CGG[AT]CCG
BsiEI	CGRYCG	CG[AG][CT]CG
BsiWI	CGTACG	CGTACG
BsmBI	CGTCTC	CGTCTC
Esp3I	CGTCTC	CGTCTC
Hpy99I	CGWCG	CG[AT]CG
MspA1I	CMGCKG	C[AC]GC[GT]G
SgrAI	CRCCGGYG	C[AG]CCGG[CT]G
BfaI	CTAG	CTAG
BspCNI	CTCAG	CTCAG
XhoI	CTCGAG	CTCGAG
EarI	CTCTTC	CTCTTC
AcuI	CTGAAG	CTGAAG
PstI	CTGCAG	CTGCAG
BpmI	CTGGAG	CTGGAG
DdeI	CTNAG	CT[ATGC]AG
SfcI	CTRYAG	CT[AG][CT]AG
AflII	CTTAAG	CTTAAG
BpuEI	CTTGAG	CTTGAG
SmlI	CTYRAG	CT[CT][AG]AG
BsoBI	CYCGRG	C[CT]CG[AG]G
AvaI	CYCGRG	C[CT]CG[AG]G
MboII	GAAGA	GAAGA
BbsI	GAAGAC	GAAGAC
XmnI	GAANNNNTTC	GAA[ATGC][ATGC][ATGC][ATGC]TTC
BsmI	GAATGC	GAATGC
EcoRI	GAATTC	GAATTC
HgaI	GACGC	GACGC
AatII	GACGTC	GACGTC
ZraI	GACGTC	GACGTC
PflFI	GACNNNGTC	GAC[ATGC][ATGC][ATGC]GTC
PshAI	GACNNNNGTC	GAC[ATGC][ATGC][ATGC][ATGC]GTC
AhdI	GACNNNNNGTC	GAC[ATGC][ATGC][ATGC][ATGC][ATGC]GTC
DrdI	GACNNNNNNGTC	GAC[ATGC][ATGC][ATGC][ATGC][ATGC][ATGC]GTC
SacI	GAGCTC	GAGCTC
Eco53kI	GAGCTC	GAGCTC
BseRI	GAGGAG	GAGGAG
MlyI	GAGTC	GAGTC
Nt.BstNBI	GAGTC	GAGTC
PleI	GAGTC	GAGTC
HinfI	GANTC	GA[ATGC]TC
EcoRV	GATATC	GATATC
MboI	GATC	GATC
Sau3AI	GATC	GATC
BsaBI	GATNNNNATC	GAT[ATGC][ATGC][ATGC][ATGC]ATC
TfiI	GAWTC	GA[AT]TC
Nb.BsrDI	GCAATG	GCAATG
BsrDI	GCAATG	GCAATG
BbvI	GCAGC	GCAGC
BtsI-v2	GCAGTG	GCAGTG
Nb.BtsI	GCAGTG	GCAGTG
BstAPI	GCANNNNNTGC	GCA[ATGC][ATGC][ATGC][ATGC][ATGC]TGC
SfaNI	GCATC	GCATC
SphI	GCATGC	GCATGC
SrfI	GCCCGGGC	GCCCGGGC
NmeAIII	GCCGAG	GCCGAG
NgoMIV	GCCGGC	GCCGGC
NaeI	GCCGGC	GCCGGC
BglI	GCCNNNNNGGC	GCC[ATGC][ATGC][ATGC][ATGC][ATGC]GGC
AsiSI	GCGATCGC	GCGATCGC
BtgZI	GCGATG	GCGATG
HinP1I	GCGC	GCGC
HhaI	GCGC	GCGC
BssHII	GCGCGC	GCGCGC
NotI	GCGGCCGC	GCGGCCGC
Fnu4HI	GCNGC	GC[ATGC]GC
Cac8I	GCNNGC	GC[ATGC][ATGC]GC
MwoI	GCNNNNNNNGC	GC[ATGC][ATGC][ATGC][ATGC][ATGC][ATGC][ATGC]GC
NheI	GCTAGC	GCTAGC
BmtI	GCTAGC	GCTAGC
Nt.BspQI	GCTCTTC	GCTCTTC
BspQI	GCTCTTC	GCTCTTC
SapI	GCTCTTC	GCTCTTC
BlpI	GCTNAGC	GCT[ATGC]AGC
ApeKI	GCWGC	GC[AT]GC
TseI	GCWGC	GC[AT]GC
Bsp1286I	GDGCHC	G[AGT]GC[ACT]C
AlwI	GGATC	GGATC
BamHI	GGATCC	GGATCC
BtsCI	GGATG	GGATG
FokI	GGATG	GGATG
HaeIII	GGCC	GGCC
FseI	GGCCGGCC	GGCCGGCC
SfiI	GGCCNNNNNGGCC	GGCC[ATGC][ATGC][ATGC][ATGC][ATGC]GGCC
NarI	GGCGCC	GGCGCC
SfoI	GGCGCC	GGCGCC
KasI	GGCGCC	GGCGCC
PluTI	GGCGCC	GGCGCC
AscI	GGCGCGCC	GGCGCGCC
EciI	GGCGGA	GGCGGA
BsmFI	GGGAC	GGGAC
PspOMI	GGGCCC	GGGCCC
ApaI	GGGCCC	GGGCCC
Sau96I	GGNCC	GG[ATGC]CC
NlaIV	GGNNCC	GG[ATGC][ATGC]CC
KpnI	GGTACC	GGTACC
Acc65I	GGTACC	GGTACC
BsaI	GGTCTC	GGTCTC
HphI	GGTGA	GGTGA
BstEII	GGTNACC	GGT[ATGC]ACC
AvaII	GGWCC	GG[AT]CC
BanI	GGYRCC	GG[CT][AG]CC
BaeGI	GKGCMC	G[GT]GC[AC]C
BsaHI	GRCGYC	G[AG]CG[CT]C
BanII	GRGCYC	G[AG]GC[CT]C
RsaI	GTAC	GTAC
CviQI	GTAC	GTAC
BstZ17I-HFÂ®	GTATAC	GTATAC
BciVI	GTATCC	GTATCC
SalI	GTCGAC	GTCGAC
Nt.BsmAI	GTCTC	GTCTC
BcoDI	GTCTC	GTCTC
BsmAI	GTCTC	GTCTC
ApaLI	GTGCAC	GTGCAC
BsgI	GTGCAG	GTGCAG
AccI	GTMKAC	GT[AC][GT]AC
Hpy166II	GTNNAC	GT[ATGC][ATGC]AC
Tsp45I	GTSAC	GT[GC]AC
HpaI	GTTAAC	GTTAAC
PmeI	GTTTAAAC	GTTTAAAC
HincII	GTYRAC	GT[CT][AG]AC
BsiHKAI	GWGCWC	G[AT]GC[AT]C
TspRI	CASTG	CA[GC]TG
ApoI	RAATTY	[AG]AATT[CT]
NspI	RCATGY	[AG]CATG[CT]
BsrFI-v2	RCCGGY	[AG]CCGG[CT]
BstYI	RGATCY	[AG]GATC[CT]
HaeII	RGCGCY	[AG]GCGC[CT]
CviKI-1	RGCY	[AG]GC[CT]
EcoO109I	RGGNCCY	[AG]GG[ATGC]CC[CT]
PpuMI	RGGWCCY	[AG]GG[AT]CC[CT]
SnaBI	TACGTA	TACGTA
BspHI	TCATGA	TCATGA
BspEI	TCCGGA	TCCGGA
MmeI	TCCRAC	TCC[AG]AC
TaqI-v2	TCGA	TCGA
NruI	TCGCGA	TCGCGA
Hpy188I	TCNGA	TC[ATGC]GA
Hpy188III	TCNNGA	TC[ATGC][ATGC]GA
XbaI	TCTAGA	TCTAGA
BclI	TGATCA	TGATCA
HpyCH4V	TGCA	TGCA
FspI	TGCGCA	TGCGCA
MscI	TGGCCA	TGGCCA
BsrGI	TGTACA	TGTACA
MseI	TTAA	TTAA
PacI	TTAATTAA	TTAATTAA
PsiI-v2	TTATAA	TTATAA
BstBI	TTCGAA	TTCGAA
DraI	TTTAAA	TTTAAA
PspXI	VCTCGAGB	[ACG]CTCGAG[CGT]
BsaWI	WCCGGW	[AT]CCGG[AT]
BsaAI	YACGTR	[CT]ACGT[AG]
EaeI	YGGCCR	[CT]GGCC[AG]
